{
    "raw":
    {
        "Algorithm": "Algorithm",
        "Application": "Application",
        "Data_Structure": "Data_Structure",
        "Device": "Device",
        "Error_Name": "Error_Name",
        "Language": "Language",
        "Library": "Library",
        "License": "License",
        "Operating_System": "Operating_System"
    },
    "full":
    {
        "Algorithm": "Algorithm",
        "Application": "Application",
        "Data_Structure": "Data_Structure",
        "Device": "Device",
        "Error_Name": "Error_Name",
        "Language": "Language",
        "Library": "Library",
        "License": "License",
        "Operating_System": "Operating_System"
    }
}
