{
    "raw":
    {
        "Application": "Application",
        "Algorithm": "Algorithm",
        "Protocol": "Protocol",
        "Language": "Language",
        "General_Concept": "General_Concept",
        "Operating_System": "Operating_System",
        "Device": "Device",
        "Data_Structure": "Data_Structure",
        "License": "License",
        "Architecture": "Architecture",
        "Error_Name": "Error_Name",
        "Library": "Library"
    },
    "full":
    {
        "Application": "application",
        "Algorithm": "algorithm",
        "Protocol": "protocol",
        "Language": "language",
        "General_Concept": "general concept",
        "Operating_System": "operating system",
        "Device": "device",
        "Data_Structure": "data structure",
        "License": "license",
        "Architecture": "computer architecture",
        "Error_Name": "error name",
        "Library": "library"
    }
}

